room_id,block,capacity,type,AC,lat,lon,amenities
UB-0101,UB,60,lecture,Yes,12.822717,80.041983,"projector,whiteboard"
UB-0102,UB,60,lecture,Yes,12.823834,80.042109,"projector,whiteboard"
UB-0103,UB,60,lecture,Yes,12.823027,80.042178,"projector,whiteboard"
UB-0104,UB,60,lecture,Yes,12.823211,80.042472,"projector,whiteboard"
UB-0105,UB,60,lecture,Yes,12.823582,80.042282,"projector,whiteboard"
UB-0106,UB,60,lecture,Yes,12.823171,80.042943,"projector,whiteboard"
UB-0107,UB,60,lecture,Yes,12.823038,80.041918,"projector,whiteboard"
UB-0108,UB,60,lecture,Yes,12.823148,80.042405,"projector,whiteboard"
UB-0109,UB,60,lecture,Yes,12.823218,80.041917,"projector,whiteboard"
UB-0110,UB,60,lecture,Yes,12.823275,80.042603,"projector,whiteboard"
UB-0111,UB,60,lecture,Yes,12.823114,80.042569,"projector,whiteboard"
UB-0112,UB,60,lecture,Yes,12.822926,80.042351,"projector,whiteboard"
UB-0113,UB,60,lecture,Yes,12.823829,80.042273,"projector,whiteboard"
UB-0114,UB,60,lecture,Yes,12.823438,80.042396,"projector,whiteboard"
UB-0115,UB,60,lecture,Yes,12.823550,80.042776,"projector,whiteboard"
UB-0116,UB,60,lecture,Yes,12.823637,80.042685,"projector,whiteboard"
UB-0117,UB,60,lecture,Yes,12.823683,80.042213,"projector,whiteboard"
UB-0118,UB,60,lecture,Yes,12.823666,80.042722,"projector,whiteboard"
UB-0119,UB,60,lecture,Yes,12.822947,80.042116,"projector,whiteboard"
UB-0120,UB,60,lecture,Yes,12.823305,80.042977,"projector,whiteboard"
UB-0201,UB,60,lecture,Yes,12.823041,80.042681,"projector,whiteboard"
UB-0202,UB,60,lecture,Yes,12.823531,80.042022,"projector,whiteboard"
UB-0203,UB,60,lecture,Yes,12.822772,80.042493,"projector,whiteboard"
UB-0204,UB,60,lecture,Yes,12.822905,80.042162,"projector,whiteboard"
UB-0205,UB,60,lecture,Yes,12.823484,80.042006,"projector,whiteboard"
UB-0206,UB,60,lecture,Yes,12.823715,80.042086,"projector,whiteboard"
UB-0207,UB,60,lecture,Yes,12.822831,80.041960,"projector,whiteboard"
UB-0208,UB,60,lecture,Yes,12.823014,80.042621,"projector,whiteboard"
UB-0209,UB,60,lecture,Yes,12.823267,80.042205,"projector,whiteboard"
UB-0210,UB,60,lecture,Yes,12.823036,80.042398,"projector,whiteboard"
UB-0211,UB,60,lecture,Yes,12.823571,80.043037,"projector,whiteboard"
UB-0212,UB,60,lecture,Yes,12.823174,80.042299,"projector,whiteboard"
UB-0213,UB,60,lecture,Yes,12.822848,80.042361,"projector,whiteboard"
UB-0214,UB,60,lecture,Yes,12.823534,80.042012,"projector,whiteboard"
UB-0215,UB,60,lecture,Yes,12.823107,80.042752,"projector,whiteboard"
UB-0216,UB,60,lecture,Yes,12.823027,80.041852,"projector,whiteboard"
UB-0217,UB,60,lecture,Yes,12.823168,80.042247,"projector,whiteboard"
UB-0218,UB,60,lecture,Yes,12.823185,80.042575,"projector,whiteboard"
UB-0219,UB,60,lecture,Yes,12.823638,80.042971,"projector,whiteboard"
UB-0220,UB,60,lecture,Yes,12.823088,80.042755,"projector,whiteboard"
UB-0301,UB,60,lecture,Yes,12.823722,80.042577,"projector,whiteboard"
UB-0302,UB,60,lecture,Yes,12.823304,80.042911,"projector,whiteboard"
UB-0303,UB,60,lecture,Yes,12.823779,80.042099,"projector,whiteboard"
UB-0304,UB,60,lecture,Yes,12.822714,80.041868,"projector,whiteboard"
UB-0305,UB,60,lecture,Yes,12.822937,80.042173,"projector,whiteboard"
UB-0306,UB,60,lecture,Yes,12.823342,80.042416,"projector,whiteboard"
UB-0307,UB,60,lecture,Yes,12.823542,80.042083,"projector,whiteboard"
UB-0308,UB,60,lecture,Yes,12.823474,80.042254,"projector,whiteboard"
UB-0309,UB,60,lecture,Yes,12.823814,80.042429,"projector,whiteboard"
UB-0310,UB,60,lecture,Yes,12.823779,80.042855,"projector,whiteboard"
UB-0311,UB,60,lecture,Yes,12.822842,80.042001,"projector,whiteboard"
UB-0312,UB,60,lecture,Yes,12.823813,80.042880,"projector,whiteboard"
UB-0313,UB,60,lecture,Yes,12.823795,80.042462,"projector,whiteboard"
UB-0314,UB,60,lecture,Yes,12.823836,80.041894,"projector,whiteboard"
UB-0315,UB,60,lecture,Yes,12.823261,80.042373,"projector,whiteboard"
UB-0316,UB,60,lecture,Yes,12.823049,80.042020,"projector,whiteboard"
UB-0317,UB,60,lecture,Yes,12.823007,80.041898,"projector,whiteboard"
UB-0318,UB,60,lecture,Yes,12.823467,80.042213,"projector,whiteboard"
UB-0319,UB,60,lecture,Yes,12.822721,80.043035,"projector,whiteboard"
UB-0320,UB,60,lecture,Yes,12.823459,80.042783,"projector,whiteboard"
UB-0401,UB,60,lecture,Yes,12.823033,80.042384,"projector,whiteboard"
UB-0402,UB,60,lecture,Yes,12.823564,80.042323,"projector,whiteboard"
UB-0403,UB,60,lecture,Yes,12.823578,80.042228,"projector,whiteboard"
UB-0404,UB,60,lecture,Yes,12.823618,80.042207,"projector,whiteboard"
UB-0405,UB,60,lecture,Yes,12.823332,80.041875,"projector,whiteboard"
UB-0406,UB,60,lecture,Yes,12.823403,80.042796,"projector,whiteboard"
UB-0407,UB,60,lecture,Yes,12.823706,80.042631,"projector,whiteboard"
UB-0408,UB,60,lecture,Yes,12.823408,80.042136,"projector,whiteboard"
UB-0409,UB,60,lecture,Yes,12.823266,80.042924,"projector,whiteboard"
UB-0410,UB,60,lecture,Yes,12.823424,80.042608,"projector,whiteboard"
UB-0411,UB,60,lecture,Yes,12.823426,80.042316,"projector,whiteboard"
UB-0412,UB,60,lecture,Yes,12.822852,80.041976,"projector,whiteboard"
UB-0413,UB,60,lecture,Yes,12.823627,80.042021,"projector,whiteboard"
UB-0414,UB,60,lecture,Yes,12.823111,80.042132,"projector,whiteboard"
UB-0415,UB,60,lecture,Yes,12.823454,80.042894,"projector,whiteboard"
UB-0416,UB,60,lecture,Yes,12.822733,80.042035,"projector,whiteboard"
UB-0417,UB,60,lecture,Yes,12.823097,80.042804,"projector,whiteboard"
UB-0418,UB,60,lecture,Yes,12.823663,80.042843,"projector,whiteboard"
UB-0419,UB,60,lecture,Yes,12.823620,80.042992,"projector,whiteboard"
UB-0420,UB,60,lecture,Yes,12.823837,80.041993,"projector,whiteboard"
UB-0501,UB,60,lecture,Yes,12.823608,80.042755,"projector,whiteboard"
UB-0502,UB,60,lecture,Yes,12.823756,80.042298,"projector,whiteboard"
UB-0503,UB,60,lecture,Yes,12.823225,80.042422,"projector,whiteboard"
UB-0504,UB,60,lecture,Yes,12.823051,80.042412,"projector,whiteboard"
UB-0505,UB,60,lecture,Yes,12.823832,80.042505,"projector,whiteboard"
UB-0506,UB,60,lecture,Yes,12.823288,80.042186,"projector,whiteboard"
UB-0507,UB,60,lecture,Yes,12.822741,80.042643,"projector,whiteboard"
UB-0508,UB,60,lecture,Yes,12.823762,80.042739,"projector,whiteboard"
UB-0509,UB,60,lecture,Yes,12.822771,80.042654,"projector,whiteboard"
UB-0510,UB,60,lecture,Yes,12.822914,80.042063,"projector,whiteboard"
UB-0511,UB,60,lecture,Yes,12.823307,80.042128,"projector,whiteboard"
UB-0512,UB,60,lecture,Yes,12.823511,80.043002,"projector,whiteboard"
UB-0513,UB,60,lecture,Yes,12.823874,80.042959,"projector,whiteboard"
UB-0514,UB,60,lecture,Yes,12.823413,80.042185,"projector,whiteboard"
UB-0515,UB,60,lecture,Yes,12.823394,80.042769,"projector,whiteboard"
UB-0516,UB,60,lecture,Yes,12.823128,80.042646,"projector,whiteboard"
UB-0517,UB,60,lecture,Yes,12.823610,80.043027,"projector,whiteboard"
UB-0518,UB,60,lecture,Yes,12.823057,80.042417,"projector,whiteboard"
UB-0519,UB,60,lecture,Yes,12.823080,80.042100,"projector,whiteboard"
UB-0520,UB,60,lecture,Yes,12.823680,80.042483,"projector,whiteboard"
UB-0601,UB,60,lecture,Yes,12.823167,80.042419,"projector,whiteboard"
UB-0602,UB,60,lecture,Yes,12.822981,80.042210,"projector,whiteboard"
UB-0603,UB,60,lecture,Yes,12.823555,80.042956,"projector,whiteboard"
UB-0604,UB,60,lecture,Yes,12.823426,80.042636,"projector,whiteboard"
UB-0605,UB,60,lecture,Yes,12.823618,80.041888,"projector,whiteboard"
UB-0606,UB,60,lecture,Yes,12.822721,80.042789,"projector,whiteboard"
UB-0607,UB,60,lecture,Yes,12.823905,80.042706,"projector,whiteboard"
UB-0608,UB,60,lecture,Yes,12.823845,80.041940,"projector,whiteboard"
UB-0609,UB,60,lecture,Yes,12.823867,80.042075,"projector,whiteboard"
UB-0610,UB,60,lecture,Yes,12.822995,80.041939,"projector,whiteboard"
UB-0611,UB,60,lecture,Yes,12.823534,80.043021,"projector,whiteboard"
UB-0612,UB,60,lecture,Yes,12.823256,80.042066,"projector,whiteboard"
UB-0613,UB,60,lecture,Yes,12.823240,80.042325,"projector,whiteboard"
UB-0614,UB,60,lecture,Yes,12.823609,80.042068,"projector,whiteboard"
UB-0615,UB,60,lecture,Yes,12.823388,80.042580,"projector,whiteboard"
UB-0616,UB,60,lecture,Yes,12.823367,80.042690,"projector,whiteboard"
UB-0617,UB,60,lecture,Yes,12.823033,80.041990,"projector,whiteboard"
UB-0618,UB,60,lecture,Yes,12.822937,80.042007,"projector,whiteboard"
UB-0619,UB,60,lecture,Yes,12.823272,80.042732,"projector,whiteboard"
UB-0620,UB,60,lecture,Yes,12.823103,80.042075,"projector,whiteboard"
UB-0701,UB,60,lecture,Yes,12.822912,80.042470,"projector,whiteboard"
UB-0702,UB,60,lecture,Yes,12.823894,80.042097,"projector,whiteboard"
UB-0703,UB,60,lecture,Yes,12.823206,80.042307,"projector,whiteboard"
UB-0704,UB,60,lecture,Yes,12.823375,80.041998,"projector,whiteboard"
UB-0705,UB,60,lecture,Yes,12.823843,80.042392,"projector,whiteboard"
UB-0706,UB,60,lecture,Yes,12.823707,80.042625,"projector,whiteboard"
UB-0707,UB,60,lecture,Yes,12.823802,80.041969,"projector,whiteboard"
UB-0708,UB,60,lecture,Yes,12.823761,80.042678,"projector,whiteboard"
UB-0709,UB,60,lecture,Yes,12.823164,80.042474,"projector,whiteboard"
UB-0710,UB,60,lecture,Yes,12.823360,80.042791,"projector,whiteboard"
UB-0711,UB,60,lecture,Yes,12.822710,80.041860,"projector,whiteboard"
UB-0712,UB,60,lecture,Yes,12.823349,80.042704,"projector,whiteboard"
UB-0713,UB,60,lecture,Yes,12.823838,80.042943,"projector,whiteboard"
UB-0714,UB,60,lecture,Yes,12.823534,80.042939,"projector,whiteboard"
UB-0715,UB,60,lecture,Yes,12.823331,80.042126,"projector,whiteboard"
UB-0716,UB,60,lecture,Yes,12.823674,80.042259,"projector,whiteboard"
UB-0717,UB,60,lecture,Yes,12.823869,80.042784,"projector,whiteboard"
UB-0718,UB,60,lecture,Yes,12.823160,80.042236,"projector,whiteboard"
UB-0719,UB,60,lecture,Yes,12.823257,80.042328,"projector,whiteboard"
UB-0720,UB,60,lecture,Yes,12.823435,80.042976,"projector,whiteboard"
UB-0801,UB,60,lecture,Yes,12.823146,80.041998,"projector,whiteboard"
UB-0802,UB,60,lecture,Yes,12.823869,80.042773,"projector,whiteboard"
UB-0803,UB,60,lecture,Yes,12.823216,80.042623,"projector,whiteboard"
UB-0804,UB,60,lecture,Yes,12.823109,80.042792,"projector,whiteboard"
UB-0805,UB,60,lecture,Yes,12.822817,80.042315,"projector,whiteboard"
UB-0806,UB,60,lecture,Yes,12.823399,80.042261,"projector,whiteboard"
UB-0807,UB,60,lecture,Yes,12.823125,80.042789,"projector,whiteboard"
UB-0808,UB,60,lecture,Yes,12.823329,80.042202,"projector,whiteboard"
UB-0809,UB,60,lecture,Yes,12.823510,80.042425,"projector,whiteboard"
UB-0810,UB,60,lecture,Yes,12.823005,80.042735,"projector,whiteboard"
UB-0811,UB,60,lecture,Yes,12.823202,80.042104,"projector,whiteboard"
UB-0812,UB,60,lecture,Yes,12.823535,80.042249,"projector,whiteboard"
UB-0813,UB,60,lecture,Yes,12.823724,80.042366,"projector,whiteboard"
UB-0814,UB,60,lecture,Yes,12.823490,80.042888,"projector,whiteboard"
UB-0815,UB,60,lecture,Yes,12.823176,80.042912,"projector,whiteboard"
UB-0816,UB,60,lecture,Yes,12.822880,80.042591,"projector,whiteboard"
UB-0817,UB,60,lecture,Yes,12.822863,80.042497,"projector,whiteboard"
UB-0818,UB,60,lecture,Yes,12.823254,80.042441,"projector,whiteboard"
UB-0819,UB,60,lecture,Yes,12.822805,80.042077,"projector,whiteboard"
UB-0820,UB,60,lecture,Yes,12.823031,80.042391,"projector,whiteboard"
UB-0901,UB,60,lecture,Yes,12.823813,80.042474,"projector,whiteboard"
UB-0902,UB,60,lecture,Yes,12.823566,80.042088,"projector,whiteboard"
UB-0903,UB,60,lecture,Yes,12.822795,80.041979,"projector,whiteboard"
UB-0904,UB,60,lecture,Yes,12.823099,80.042048,"projector,whiteboard"
UB-0905,UB,60,lecture,Yes,12.822817,80.041985,"projector,whiteboard"
UB-0906,UB,60,lecture,Yes,12.823631,80.042830,"projector,whiteboard"
UB-0907,UB,60,lecture,Yes,12.822751,80.042799,"projector,whiteboard"
UB-0908,UB,60,lecture,Yes,12.823459,80.042142,"projector,whiteboard"
UB-0909,UB,60,lecture,Yes,12.823368,80.042182,"projector,whiteboard"
UB-0910,UB,60,lecture,Yes,12.823444,80.042653,"projector,whiteboard"
UB-0911,UB,60,lecture,Yes,12.823803,80.042227,"projector,whiteboard"
UB-0912,UB,60,lecture,Yes,12.822866,80.042265,"projector,whiteboard"
UB-0913,UB,60,lecture,Yes,12.822789,80.042771,"projector,whiteboard"
UB-0914,UB,60,lecture,Yes,12.822810,80.042507,"projector,whiteboard"
UB-0915,UB,60,lecture,Yes,12.823099,80.042405,"projector,whiteboard"
UB-0916,UB,60,lecture,Yes,12.823813,80.042931,"projector,whiteboard"
UB-0917,UB,60,lecture,Yes,12.823503,80.042044,"projector,whiteboard"
UB-0918,UB,60,lecture,Yes,12.823848,80.042238,"projector,whiteboard"
UB-0919,UB,60,lecture,Yes,12.823590,80.043017,"projector,whiteboard"
UB-0920,UB,60,lecture,Yes,12.823043,80.042305,"projector,whiteboard"
UB-1001,UB,60,lecture,Yes,12.823197,80.042549,"projector,whiteboard"
UB-1002,UB,60,lecture,Yes,12.823219,80.042244,"projector,whiteboard"
UB-1003,UB,60,lecture,Yes,12.823233,80.042994,"projector,whiteboard"
UB-1004,UB,60,lecture,Yes,12.823869,80.041924,"projector,whiteboard"
UB-1005,UB,60,lecture,Yes,12.823113,80.042724,"projector,whiteboard"
UB-1006,UB,60,lecture,Yes,12.823822,80.042681,"projector,whiteboard"
UB-1007,UB,60,lecture,Yes,12.822790,80.042880,"projector,whiteboard"
UB-1008,UB,60,lecture,Yes,12.823075,80.042217,"projector,whiteboard"
UB-1009,UB,60,lecture,Yes,12.823107,80.042174,"projector,whiteboard"
UB-1010,UB,60,lecture,Yes,12.822837,80.042681,"projector,whiteboard"
UB-1011,UB,60,lecture,Yes,12.823173,80.042097,"projector,whiteboard"
UB-1012,UB,60,lecture,Yes,12.823752,80.043026,"projector,whiteboard"
UB-1013,UB,60,lecture,Yes,12.823888,80.042677,"projector,whiteboard"
UB-1014,UB,60,lecture,Yes,12.822859,80.042462,"projector,whiteboard"
UB-1015,UB,60,lecture,Yes,12.823132,80.042179,"projector,whiteboard"
UB-1016,UB,60,lecture,Yes,12.822727,80.042245,"projector,whiteboard"
UB-1017,UB,60,lecture,Yes,12.822721,80.042044,"projector,whiteboard"
UB-1018,UB,60,lecture,Yes,12.823200,80.042593,"projector,whiteboard"
UB-1019,UB,60,lecture,Yes,12.823604,80.042673,"projector,whiteboard"
UB-1020,UB,60,lecture,Yes,12.823488,80.042954,"projector,whiteboard"
UB-1101,UB,60,lecture,Yes,12.823202,80.041878,"projector,whiteboard"
UB-1102,UB,60,lecture,Yes,12.823633,80.042949,"projector,whiteboard"
UB-1103,UB,60,lecture,Yes,12.823374,80.042470,"projector,whiteboard"
UB-1104,UB,60,lecture,Yes,12.823548,80.042163,"projector,whiteboard"
UB-1105,UB,60,lecture,Yes,12.823844,80.042853,"projector,whiteboard"
UB-1106,UB,60,lecture,Yes,12.823307,80.042821,"projector,whiteboard"
UB-1107,UB,60,lecture,Yes,12.823186,80.042624,"projector,whiteboard"
UB-1108,UB,60,lecture,Yes,12.823839,80.042490,"projector,whiteboard"
UB-1109,UB,60,lecture,Yes,12.822960,80.042885,"projector,whiteboard"
UB-1110,UB,60,lecture,Yes,12.823457,80.042139,"projector,whiteboard"
UB-1111,UB,60,lecture,Yes,12.823067,80.042317,"projector,whiteboard"
UB-1112,UB,60,lecture,Yes,12.822944,80.042162,"projector,whiteboard"
UB-1113,UB,60,lecture,Yes,12.822810,80.042501,"projector,whiteboard"
UB-1114,UB,60,lecture,Yes,12.822813,80.042497,"projector,whiteboard"
UB-1115,UB,60,lecture,Yes,12.823653,80.042652,"projector,whiteboard"
UB-1116,UB,60,lecture,Yes,12.823053,80.041954,"projector,whiteboard"
UB-1117,UB,60,lecture,Yes,12.823443,80.042573,"projector,whiteboard"
UB-1118,UB,60,lecture,Yes,12.823818,80.042613,"projector,whiteboard"
UB-1119,UB,60,lecture,Yes,12.823561,80.043027,"projector,whiteboard"
UB-1120,UB,60,lecture,Yes,12.823832,80.042296,"projector,whiteboard"
UB-1201,UB,60,lecture,Yes,12.823272,80.042147,"projector,whiteboard"
UB-1202,UB,60,lecture,Yes,12.823047,80.042559,"projector,whiteboard"
UB-1203,UB,60,lecture,Yes,12.823002,80.042505,"projector,whiteboard"
UB-1204,UB,60,lecture,Yes,12.822819,80.041973,"projector,whiteboard"
UB-1205,UB,60,lecture,Yes,12.823409,80.041881,"projector,whiteboard"
UB-1206,UB,60,lecture,Yes,12.823407,80.042271,"projector,whiteboard"
UB-1207,UB,60,lecture,Yes,12.823739,80.041877,"projector,whiteboard"
UB-1208,UB,60,lecture,Yes,12.823889,80.041980,"projector,whiteboard"
UB-1209,UB,60,lecture,Yes,12.823280,80.042726,"projector,whiteboard"
UB-1210,UB,60,lecture,Yes,12.822953,80.042585,"projector,whiteboard"
UB-1211,UB,60,lecture,Yes,12.823723,80.042643,"projector,whiteboard"
UB-1212,UB,60,lecture,Yes,12.822805,80.042103,"projector,whiteboard"
UB-1213,UB,60,lecture,Yes,12.822944,80.042050,"projector,whiteboard"
UB-1214,UB,60,lecture,Yes,12.822769,80.041882,"projector,whiteboard"
UB-1215,UB,60,lecture,Yes,12.823672,80.041876,"projector,whiteboard"
UB-1216,UB,60,lecture,Yes,12.822803,80.042393,"projector,whiteboard"
UB-1217,UB,60,lecture,Yes,12.823365,80.042693,"projector,whiteboard"
UB-1218,UB,60,lecture,Yes,12.823786,80.043036,"projector,whiteboard"
UB-1219,UB,60,lecture,Yes,12.822812,80.041891,"projector,whiteboard"
UB-1220,UB,60,lecture,Yes,12.822785,80.042376,"projector,whiteboard"
UB-1301,UB,60,lecture,Yes,12.823402,80.042532,"projector,whiteboard"
UB-1302,UB,60,lecture,Yes,12.823679,80.042551,"projector,whiteboard"
UB-1303,UB,60,lecture,Yes,12.822955,80.042241,"projector,whiteboard"
UB-1304,UB,60,lecture,Yes,12.822911,80.042131,"projector,whiteboard"
UB-1305,UB,60,lecture,Yes,12.823414,80.042979,"projector,whiteboard"
UB-1306,UB,60,lecture,Yes,12.823867,80.042785,"projector,whiteboard"
UB-1307,UB,60,lecture,Yes,12.823209,80.042879,"projector,whiteboard"
UB-1308,UB,60,lecture,Yes,12.823213,80.042377,"projector,whiteboard"
UB-1309,UB,60,lecture,Yes,12.823047,80.042357,"projector,whiteboard"
UB-1310,UB,60,lecture,Yes,12.823479,80.042335,"projector,whiteboard"
UB-1311,UB,60,lecture,Yes,12.823832,80.042048,"projector,whiteboard"
UB-1312,UB,60,lecture,Yes,12.823675,80.041894,"projector,whiteboard"
UB-1313,UB,60,lecture,Yes,12.823226,80.042866,"projector,whiteboard"
UB-1314,UB,60,lecture,Yes,12.822739,80.042448,"projector,whiteboard"
UB-1315,UB,60,lecture,Yes,12.822852,80.042502,"projector,whiteboard"
UB-1316,UB,60,lecture,Yes,12.823657,80.042873,"projector,whiteboard"
UB-1317,UB,60,lecture,Yes,12.823360,80.043039,"projector,whiteboard"
UB-1318,UB,60,lecture,Yes,12.823163,80.042403,"projector,whiteboard"
UB-1319,UB,60,lecture,Yes,12.822748,80.042651,"projector,whiteboard"
UB-1320,UB,60,lecture,Yes,12.823063,80.042129,"projector,whiteboard"
UB-1401,UB,60,lecture,Yes,12.823039,80.043045,"projector,whiteboard"
UB-1402,UB,60,lecture,Yes,12.822737,80.042588,"projector,whiteboard"
UB-1403,UB,60,lecture,Yes,12.822834,80.042497,"projector,whiteboard"
UB-1404,UB,60,lecture,Yes,12.823051,80.042763,"projector,whiteboard"
UB-1405,UB,60,lecture,Yes,12.823029,80.042260,"projector,whiteboard"
UB-1406,UB,60,lecture,Yes,12.823581,80.042910,"projector,whiteboard"
UB-1407,UB,60,lecture,Yes,12.823042,80.042313,"projector,whiteboard"
UB-1408,UB,60,lecture,Yes,12.823827,80.042410,"projector,whiteboard"
UB-1409,UB,60,lecture,Yes,12.823802,80.042408,"projector,whiteboard"
UB-1410,UB,60,lecture,Yes,12.822896,80.042505,"projector,whiteboard"
UB-1411,UB,60,lecture,Yes,12.823313,80.042301,"projector,whiteboard"
UB-1412,UB,60,lecture,Yes,12.823579,80.042235,"projector,whiteboard"
UB-1413,UB,60,lecture,Yes,12.822831,80.042506,"projector,whiteboard"
UB-1414,UB,60,lecture,Yes,12.823732,80.042368,"projector,whiteboard"
UB-1415,UB,60,lecture,Yes,12.823257,80.042778,"projector,whiteboard"
UB-1416,UB,60,lecture,Yes,12.823886,80.042648,"projector,whiteboard"
UB-1417,UB,60,lecture,Yes,12.823048,80.042538,"projector,whiteboard"
UB-1418,UB,60,lecture,Yes,12.823372,80.042303,"projector,whiteboard"
UB-1419,UB,60,lecture,Yes,12.822928,80.042717,"projector,whiteboard"
UB-1420,UB,60,lecture,Yes,12.823900,80.042511,"projector,whiteboard"
UB-1501,UB,60,lecture,Yes,12.823482,80.042238,"projector,whiteboard"
UB-1502,UB,60,lecture,Yes,12.823336,80.042959,"projector,whiteboard"
UB-1503,UB,60,lecture,Yes,12.823243,80.042394,"projector,whiteboard"
UB-1504,UB,60,lecture,Yes,12.823701,80.042327,"projector,whiteboard"
UB-1505,UB,60,lecture,Yes,12.822738,80.042356,"projector,whiteboard"
UB-1506,UB,60,lecture,Yes,12.823566,80.042783,"projector,whiteboard"
UB-1507,UB,60,lecture,Yes,12.823817,80.042616,"projector,whiteboard"
UB-1508,UB,60,lecture,Yes,12.823754,80.041882,"projector,whiteboard"
UB-1509,UB,60,lecture,Yes,12.823361,80.042026,"projector,whiteboard"
UB-1510,UB,60,lecture,Yes,12.823312,80.042483,"projector,whiteboard"
UB-1511,UB,60,lecture,Yes,12.823890,80.042692,"projector,whiteboard"
UB-1512,UB,60,lecture,Yes,12.822795,80.042380,"projector,whiteboard"
UB-1513,UB,60,lecture,Yes,12.823801,80.042684,"projector,whiteboard"
UB-1514,UB,60,lecture,Yes,12.823635,80.042376,"projector,whiteboard"
UB-1515,UB,60,lecture,Yes,12.822824,80.042481,"projector,whiteboard"
UB-1516,UB,60,lecture,Yes,12.822716,80.042107,"projector,whiteboard"
UB-1517,UB,60,lecture,Yes,12.823446,80.042150,"projector,whiteboard"
UB-1518,UB,60,lecture,Yes,12.822710,80.042696,"projector,whiteboard"
UB-1519,UB,60,lecture,Yes,12.822754,80.042149,"projector,whiteboard"
UB-1520,UB,60,lecture,Yes,12.823364,80.042369,"projector,whiteboard"
TP-0101,TP,60,lecture,Yes,12.824968,80.044631,"projector,whiteboard"
TP-0102,TP,60,lecture,Yes,12.825242,80.045255,"projector,whiteboard"
TP-0103,TP,60,lecture,Yes,12.825594,80.045334,"projector,whiteboard"
TP-0104,TP,60,lecture,Yes,12.824887,80.045082,"projector,whiteboard"
TP-0109,TP,60,lecture,Yes,12.825128,80.045044,"projector,whiteboard"
TP-0110,TP,60,lecture,Yes,12.825148,80.045112,"projector,whiteboard"
TP-0111,TP,60,lecture,Yes,12.824765,80.045096,"projector,whiteboard"
TP-0112,TP,60,lecture,Yes,12.825431,80.045408,"projector,whiteboard"
TP-0201,TP,60,lecture,Yes,12.825042,80.045073,"projector,whiteboard"
TP-0202,TP,60,lecture,Yes,12.825524,80.044742,"projector,whiteboard"
TP-0203,TP,60,lecture,Yes,12.825568,80.045117,"projector,whiteboard"
TP-0204,TP,60,lecture,Yes,12.824931,80.044834,"projector,whiteboard"
TP-0209,TP,60,lecture,Yes,12.824464,80.044922,"projector,whiteboard"
TP-0210,TP,60,lecture,Yes,12.824667,80.044589,"projector,whiteboard"
TP-0211,TP,60,lecture,Yes,12.825307,80.044712,"projector,whiteboard"
TP-0212,TP,60,lecture,Yes,12.824957,80.045165,"projector,whiteboard"
TP-0301,TP,60,lecture,Yes,12.825098,80.045416,"projector,whiteboard"
TP-0302,TP,60,lecture,Yes,12.824733,80.045572,"projector,whiteboard"
TP-0303,TP,60,lecture,Yes,12.824749,80.044908,"projector,whiteboard"
TP-0304,TP,60,lecture,Yes,12.824588,80.044982,"projector,whiteboard"
TP-0309,TP,60,lecture,Yes,12.825127,80.044740,"projector,whiteboard"
TP-0310,TP,60,lecture,Yes,12.824880,80.045112,"projector,whiteboard"
TP-0311,TP,60,lecture,Yes,12.824950,80.045185,"projector,whiteboard"
TP-0312,TP,60,lecture,Yes,12.825043,80.044748,"projector,whiteboard"
TP-0401,TP,60,lecture,Yes,12.825172,80.044958,"projector,whiteboard"
TP-0402,TP,60,lecture,Yes,12.824903,80.045165,"projector,whiteboard"
TP-0403,TP,60,lecture,Yes,12.825550,80.045367,"projector,whiteboard"
TP-0404,TP,60,lecture,Yes,12.824658,80.044873,"projector,whiteboard"
TP-0409,TP,60,lecture,Yes,12.824527,80.045105,"projector,whiteboard"
TP-0410,TP,60,lecture,Yes,12.825399,80.044515,"projector,whiteboard"
TP-0411,TP,60,lecture,Yes,12.825039,80.045571,"projector,whiteboard"
TP-0412,TP,60,lecture,Yes,12.824698,80.045411,"projector,whiteboard"
TP-0501,TP,60,lecture,Yes,12.825603,80.045381,"projector,whiteboard"
TP-0502,TP,60,lecture,Yes,12.825045,80.044941,"projector,whiteboard"
TP-0503,TP,60,lecture,Yes,12.825209,80.045323,"projector,whiteboard"
TP-0504,TP,60,lecture,Yes,12.825483,80.044545,"projector,whiteboard"
TP-0509,TP,60,lecture,Yes,12.825097,80.044553,"projector,whiteboard"
TP-0510,TP,60,lecture,Yes,12.824897,80.044686,"projector,whiteboard"
TP-0511,TP,60,lecture,Yes,12.825575,80.044770,"projector,whiteboard"
TP-0512,TP,60,lecture,Yes,12.824437,80.044504,"projector,whiteboard"
TP-0601,TP,60,lecture,Yes,12.824911,80.044505,"projector,whiteboard"
TP-0602,TP,60,lecture,Yes,12.825130,80.045592,"projector,whiteboard"
TP-0603,TP,60,lecture,Yes,12.825132,80.044958,"projector,whiteboard"
TP-0604,TP,60,lecture,Yes,12.825417,80.044990,"projector,whiteboard"
TP-0609,TP,60,lecture,Yes,12.825150,80.045359,"projector,whiteboard"
TP-0610,TP,60,lecture,Yes,12.825473,80.044688,"projector,whiteboard"
TP-0611,TP,60,lecture,Yes,12.825190,80.044899,"projector,whiteboard"
TP-0612,TP,60,lecture,Yes,12.825233,80.045308,"projector,whiteboard"
TP-0701,TP,60,lecture,Yes,12.825180,80.044921,"projector,whiteboard"
TP-0702,TP,60,lecture,Yes,12.824720,80.045517,"projector,whiteboard"
TP-0703,TP,60,lecture,Yes,12.824845,80.045578,"projector,whiteboard"
TP-0704,TP,60,lecture,Yes,12.825340,80.044944,"projector,whiteboard"
TP-0709,TP,60,lecture,Yes,12.824794,80.044953,"projector,whiteboard"
TP-0710,TP,60,lecture,Yes,12.825499,80.045331,"projector,whiteboard"
TP-0711,TP,60,lecture,Yes,12.825069,80.045206,"projector,whiteboard"
TP-0712,TP,60,lecture,Yes,12.825067,80.044888,"projector,whiteboard"
TP-0801,TP,60,lecture,Yes,12.825212,80.045477,"projector,whiteboard"
TP-0802,TP,60,lecture,Yes,12.825038,80.045232,"projector,whiteboard"
TP-0803,TP,60,lecture,Yes,12.825309,80.044491,"projector,whiteboard"
TP-0804,TP,60,lecture,Yes,12.824828,80.044688,"projector,whiteboard"
TP-0809,TP,60,lecture,Yes,12.824476,80.045466,"projector,whiteboard"
TP-0810,TP,60,lecture,Yes,12.824768,80.044621,"projector,whiteboard"
TP-0811,TP,60,lecture,Yes,12.825343,80.044921,"projector,whiteboard"
TP-0812,TP,60,lecture,Yes,12.825273,80.045240,"projector,whiteboard"
TP-0901,TP,60,lecture,Yes,12.824978,80.045301,"projector,whiteboard"
TP-0902,TP,60,lecture,Yes,12.824854,80.044839,"projector,whiteboard"
TP-0903,TP,60,lecture,Yes,12.825056,80.044579,"projector,whiteboard"
TP-0904,TP,60,lecture,Yes,12.824719,80.045267,"projector,whiteboard"
TP-0909,TP,60,lecture,Yes,12.825544,80.044952,"projector,whiteboard"
TP-0910,TP,60,lecture,Yes,12.824490,80.045045,"projector,whiteboard"
TP-0911,TP,60,lecture,Yes,12.824413,80.044925,"projector,whiteboard"
TP-0912,TP,60,lecture,Yes,12.824913,80.044860,"projector,whiteboard"
TP-1001,TP,60,lecture,Yes,12.825289,80.045551,"projector,whiteboard"
TP-1002,TP,60,lecture,Yes,12.825310,80.044665,"projector,whiteboard"
TP-1003,TP,60,lecture,Yes,12.825234,80.045557,"projector,whiteboard"
TP-1004,TP,60,lecture,Yes,12.824416,80.045342,"projector,whiteboard"
TP-1009,TP,60,lecture,Yes,12.825330,80.045455,"projector,whiteboard"
TP-1010,TP,60,lecture,Yes,12.825574,80.045266,"projector,whiteboard"
TP-1011,TP,60,lecture,Yes,12.824853,80.044895,"projector,whiteboard"
TP-1012,TP,60,lecture,Yes,12.824617,80.044546,"projector,whiteboard"
TP-1101,TP,60,lecture,Yes,12.824909,80.045309,"projector,whiteboard"
TP-1102,TP,60,lecture,Yes,12.825021,80.045442,"projector,whiteboard"
TP-1103,TP,60,lecture,Yes,12.824881,80.045455,"projector,whiteboard"
TP-1104,TP,60,lecture,Yes,12.824745,80.044552,"projector,whiteboard"
TP-1109,TP,60,lecture,Yes,12.824594,80.045436,"projector,whiteboard"
TP-1110,TP,60,lecture,Yes,12.824983,80.044609,"projector,whiteboard"
TP-1111,TP,60,lecture,Yes,12.824837,80.045260,"projector,whiteboard"
TP-1112,TP,60,lecture,Yes,12.825531,80.045260,"projector,whiteboard"
TP-1201,TP,60,lecture,Yes,12.825353,80.044489,"projector,whiteboard"
TP-1202,TP,60,lecture,Yes,12.825254,80.045316,"projector,whiteboard"
TP-1203,TP,60,lecture,Yes,12.824519,80.044624,"projector,whiteboard"
TP-1204,TP,60,lecture,Yes,12.825063,80.045201,"projector,whiteboard"
TP-1209,TP,60,lecture,Yes,12.824546,80.045662,"projector,whiteboard"
TP-1210,TP,60,lecture,Yes,12.824729,80.045277,"projector,whiteboard"
TP-1211,TP,60,lecture,Yes,12.825283,80.045235,"projector,whiteboard"
TP-1212,TP,60,lecture,Yes,12.824477,80.045223,"projector,whiteboard"
TP-1301,TP,60,lecture,Yes,12.824794,80.045537,"projector,whiteboard"
TP-1302,TP,60,lecture,Yes,12.825220,80.045286,"projector,whiteboard"
TP-1303,TP,60,lecture,Yes,12.824757,80.044718,"projector,whiteboard"
TP-1304,TP,60,lecture,Yes,12.825526,80.045648,"projector,whiteboard"
TP-1309,TP,60,lecture,Yes,12.825184,80.044612,"projector,whiteboard"
TP-1310,TP,60,lecture,Yes,12.824418,80.045289,"projector,whiteboard"
TP-1311,TP,60,lecture,Yes,12.824866,80.045332,"projector,whiteboard"
TP-1312,TP,60,lecture,Yes,12.825165,80.044852,"projector,whiteboard"
TP-1401,TP,60,lecture,Yes,12.824545,80.045410,"projector,whiteboard"
TP-1402,TP,60,lecture,Yes,12.824465,80.045063,"projector,whiteboard"
TP-1403,TP,60,lecture,Yes,12.825398,80.044921,"projector,whiteboard"
TP-1404,TP,60,lecture,Yes,12.824636,80.045339,"projector,whiteboard"
TP-1409,TP,60,lecture,Yes,12.824545,80.044747,"projector,whiteboard"
TP-1410,TP,60,lecture,Yes,12.825571,80.044919,"projector,whiteboard"
TP-1411,TP,60,lecture,Yes,12.825367,80.045275,"projector,whiteboard"
TP-1412,TP,60,lecture,Yes,12.824671,80.044810,"projector,whiteboard"
TP-1501,TP,60,lecture,Yes,12.825604,80.044793,"projector,whiteboard"
TP-1502,TP,60,lecture,Yes,12.824563,80.045567,"projector,whiteboard"
TP-1503,TP,60,lecture,Yes,12.825235,80.044725,"projector,whiteboard"
TP-1504,TP,60,lecture,Yes,12.825422,80.044937,"projector,whiteboard"
TP-1509,TP,60,lecture,Yes,12.824804,80.045389,"projector,whiteboard"
TP-1510,TP,60,lecture,Yes,12.825285,80.045463,"projector,whiteboard"
TP-1511,TP,60,lecture,Yes,12.824763,80.044556,"projector,whiteboard"
TP-1512,TP,60,lecture,Yes,12.825245,80.045684,"projector,whiteboard"
TP-0221,TP,60,lab,Yes,12.824827,80.045019,"projector,whiteboard"
TP-0522,TP,60,lab,Yes,12.825360,80.044847,"projector,whiteboard"
TP-0823,TP,60,lab,Yes,12.825581,80.045412,"projector,whiteboard"
TP-1124,TP,60,lab,Yes,12.825413,80.044628,"projector,whiteboard"
TP2-0001,TP2,60,lecture,Yes,12.825300,80.046664,"projector,whiteboard"
TP2-0002,TP2,60,lecture,Yes,12.824342,80.046103,"projector,whiteboard"
TP2-0003,TP2,60,lecture,Yes,12.824231,80.046024,"projector,whiteboard"
TP2-0004,TP2,60,lecture,Yes,12.824310,80.046762,"projector,whiteboard"
TP2-0005,TP2,60,lecture,Yes,12.824191,80.046249,"projector,whiteboard"
TP2-0006,TP2,60,lecture,Yes,12.825035,80.046983,"projector,whiteboard"
TP2-0007,TP2,60,lecture,Yes,12.824481,80.047019,"projector,whiteboard"
TP2-0008,TP2,60,lecture,Yes,12.824412,80.046614,"projector,whiteboard"
TP2-0009,TP2,60,lecture,Yes,12.824330,80.046146,"projector,whiteboard"
TP2-0010,TP2,60,lecture,Yes,12.824663,80.046445,"projector,whiteboard"
TP2-0011,TP2,60,lecture,Yes,12.824594,80.047149,"projector,whiteboard"
TP2-0012,TP2,60,lecture,Yes,12.824796,80.046383,"projector,whiteboard"
TP2-0013,TP2,60,lecture,Yes,12.824928,80.046088,"projector,whiteboard"
TP2-0014,TP2,60,lecture,Yes,12.825134,80.046300,"projector,whiteboard"
TP2-0015,TP2,60,lecture,Yes,12.825210,80.047159,"projector,whiteboard"
TP2-0016,TP2,60,lecture,Yes,12.824781,80.046856,"projector,whiteboard"
TP2-0017,TP2,60,lecture,Yes,12.824707,80.046078,"projector,whiteboard"
TP2-0018,TP2,60,lecture,Yes,12.824207,80.047130,"projector,whiteboard"
TP2-0019,TP2,60,lecture,Yes,12.824401,80.046142,"projector,whiteboard"
TP2-0020,TP2,60,lecture,Yes,12.824644,80.046868,"projector,whiteboard"
TP2-0101,TP2,60,lecture,Yes,12.824912,80.046344,"projector,whiteboard"
TP2-0102,TP2,60,lecture,Yes,12.824400,80.047053,"projector,whiteboard"
TP2-0103,TP2,60,lecture,Yes,12.825253,80.046047,"projector,whiteboard"
TP2-0104,TP2,60,lecture,Yes,12.824301,80.047025,"projector,whiteboard"
TP2-0105,TP2,60,lecture,Yes,12.824770,80.046462,"projector,whiteboard"
TP2-0106,TP2,60,lecture,Yes,12.825026,80.046240,"projector,whiteboard"
TP2-0107,TP2,60,lecture,Yes,12.824274,80.046642,"projector,whiteboard"
TP2-0108,TP2,60,lecture,Yes,12.824867,80.046835,"projector,whiteboard"
TP2-0109,TP2,60,lecture,Yes,12.824711,80.046000,"projector,whiteboard"
TP2-0110,TP2,60,lecture,Yes,12.824348,80.046405,"projector,whiteboard"
TP2-0111,TP2,60,lecture,Yes,12.825288,80.046162,"projector,whiteboard"
TP2-0112,TP2,60,lecture,Yes,12.824951,80.046809,"projector,whiteboard"
TP2-0113,TP2,60,lecture,Yes,12.825042,80.046661,"projector,whiteboard"
TP2-0114,TP2,60,lecture,Yes,12.824786,80.046759,"projector,whiteboard"
TP2-0115,TP2,60,lecture,Yes,12.825009,80.045970,"projector,whiteboard"
TP2-0116,TP2,60,lecture,Yes,12.824551,80.046473,"projector,whiteboard"
TP2-0117,TP2,60,lecture,Yes,12.824962,80.046934,"projector,whiteboard"
TP2-0118,TP2,60,lecture,Yes,12.824506,80.046001,"projector,whiteboard"
TP2-0119,TP2,60,lecture,Yes,12.825311,80.046264,"projector,whiteboard"
TP2-0120,TP2,60,lecture,Yes,12.824739,80.046764,"projector,whiteboard"
TP2-0201,TP2,60,lecture,Yes,12.824576,80.046258,"projector,whiteboard"
TP2-0202,TP2,60,lecture,Yes,12.824633,80.046423,"projector,whiteboard"
TP2-0203,TP2,60,lecture,Yes,12.825099,80.046000,"projector,whiteboard"
TP2-0204,TP2,60,lecture,Yes,12.824955,80.046396,"projector,whiteboard"
TP2-0205,TP2,60,lecture,Yes,12.824424,80.046829,"projector,whiteboard"
TP2-0206,TP2,60,lecture,Yes,12.825179,80.046013,"projector,whiteboard"
TP2-0207,TP2,60,lecture,Yes,12.824744,80.046370,"projector,whiteboard"
TP2-0208,TP2,60,lecture,Yes,12.824884,80.047016,"projector,whiteboard"
TP2-0209,TP2,60,lecture,Yes,12.824690,80.046359,"projector,whiteboard"
TP2-0210,TP2,60,lecture,Yes,12.824944,80.046695,"projector,whiteboard"
TP2-0211,TP2,60,lecture,Yes,12.824648,80.046394,"projector,whiteboard"
TP2-0212,TP2,60,lecture,Yes,12.825149,80.047032,"projector,whiteboard"
TP2-0213,TP2,60,lecture,Yes,12.824768,80.045973,"projector,whiteboard"
TP2-0214,TP2,60,lecture,Yes,12.824343,80.046342,"projector,whiteboard"
TP2-0215,TP2,60,lecture,Yes,12.824512,80.046444,"projector,whiteboard"
TP2-0216,TP2,60,lecture,Yes,12.825283,80.046231,"projector,whiteboard"
TP2-0217,TP2,60,lecture,Yes,12.824236,80.047055,"projector,whiteboard"
TP2-0218,TP2,60,lecture,Yes,12.824947,80.046660,"projector,whiteboard"
TP2-0219,TP2,60,lecture,Yes,12.824959,80.046535,"projector,whiteboard"
TP2-0220,TP2,60,lecture,Yes,12.825098,80.047105,"projector,whiteboard"
TP2-0601,TP2,60,lecture,Yes,12.824569,80.047028,"projector,whiteboard"
TP2-0602,TP2,60,lecture,Yes,12.824959,80.045984,"projector,whiteboard"
TP2-0603,TP2,60,lecture,Yes,12.825259,80.046484,"projector,whiteboard"
TP2-0604,TP2,60,lecture,Yes,12.824541,80.046033,"projector,whiteboard"
TP2-0605,TP2,60,lecture,Yes,12.824329,80.046753,"projector,whiteboard"
TP2-0606,TP2,60,lecture,Yes,12.824317,80.047068,"projector,whiteboard"
TP2-0607,TP2,60,lecture,Yes,12.825305,80.046055,"projector,whiteboard"
TP2-0608,TP2,60,lecture,Yes,12.825060,80.047128,"projector,whiteboard"
TP2-0609,TP2,60,lecture,Yes,12.824923,80.046154,"projector,whiteboard"
TP2-0610,TP2,60,lecture,Yes,12.824480,80.046619,"projector,whiteboard"
TP2-0611,TP2,60,lecture,Yes,12.824669,80.047064,"projector,whiteboard"
TP2-0612,TP2,60,lecture,Yes,12.824930,80.046639,"projector,whiteboard"
TP2-0613,TP2,60,lecture,Yes,12.825248,80.046142,"projector,whiteboard"
TP2-0614,TP2,60,lecture,Yes,12.825035,80.046986,"projector,whiteboard"
TP2-0615,TP2,60,lecture,Yes,12.824496,80.046508,"projector,whiteboard"
TP2-0616,TP2,60,lecture,Yes,12.824738,80.046461,"projector,whiteboard"
TP2-0617,TP2,60,lecture,Yes,12.824615,80.046707,"projector,whiteboard"
TP2-0618,TP2,60,lecture,Yes,12.825292,80.046149,"projector,whiteboard"
TP2-0619,TP2,60,lecture,Yes,12.825240,80.046912,"projector,whiteboard"
TP2-0620,TP2,60,lecture,Yes,12.825052,80.046884,"projector,whiteboard"
TP2-0801,TP2,60,lecture,Yes,12.824927,80.046816,"projector,whiteboard"
TP2-0802,TP2,60,lecture,Yes,12.825025,80.046280,"projector,whiteboard"
TP2-0803,TP2,60,lecture,Yes,12.825144,80.047061,"projector,whiteboard"
TP2-0804,TP2,60,lecture,Yes,12.824742,80.046795,"projector,whiteboard"
TP2-0805,TP2,60,lecture,Yes,12.824692,80.046115,"projector,whiteboard"
TP2-0806,TP2,60,lecture,Yes,12.825097,80.046380,"projector,whiteboard"
TP2-0807,TP2,60,lecture,Yes,12.825216,80.046901,"projector,whiteboard"
TP2-0808,TP2,60,lecture,Yes,12.824633,80.046370,"projector,whiteboard"
TP2-0809,TP2,60,lecture,Yes,12.824479,80.046067,"projector,whiteboard"
TP2-0810,TP2,60,lecture,Yes,12.824747,80.046299,"projector,whiteboard"
TP2-0811,TP2,60,lecture,Yes,12.824689,80.047056,"projector,whiteboard"
TP2-0812,TP2,60,lecture,Yes,12.824467,80.046043,"projector,whiteboard"
TP2-0813,TP2,60,lecture,Yes,12.824543,80.046813,"projector,whiteboard"
TP2-0814,TP2,60,lecture,Yes,12.824999,80.046959,"projector,whiteboard"
TP2-0815,TP2,60,lecture,Yes,12.824165,80.046035,"projector,whiteboard"
TP2-0816,TP2,60,lecture,Yes,12.824644,80.046643,"projector,whiteboard"
TP2-0817,TP2,60,lecture,Yes,12.825178,80.046088,"projector,whiteboard"
TP2-0818,TP2,60,lecture,Yes,12.824291,80.046060,"projector,whiteboard"
TP2-0819,TP2,60,lecture,Yes,12.824384,80.046790,"projector,whiteboard"
TP2-0820,TP2,60,lecture,Yes,12.825305,80.046517,"projector,whiteboard"
TP2-0901,TP2,60,lecture,Yes,12.825254,80.046352,"projector,whiteboard"
TP2-0902,TP2,60,lecture,Yes,12.824880,80.046271,"projector,whiteboard"
TP2-0903,TP2,60,lecture,Yes,12.824937,80.047024,"projector,whiteboard"
TP2-0904,TP2,60,lecture,Yes,12.825212,80.046590,"projector,whiteboard"
TP2-0905,TP2,60,lecture,Yes,12.825200,80.046217,"projector,whiteboard"
TP2-0906,TP2,60,lecture,Yes,12.825102,80.046790,"projector,whiteboard"
TP2-0907,TP2,60,lecture,Yes,12.825166,80.046426,"projector,whiteboard"
TP2-0908,TP2,60,lecture,Yes,12.824246,80.046054,"projector,whiteboard"
TP2-0909,TP2,60,lecture,Yes,12.824701,80.046594,"projector,whiteboard"
TP2-0910,TP2,60,lecture,Yes,12.824256,80.046973,"projector,whiteboard"
TP2-0911,TP2,60,lecture,Yes,12.824253,80.046034,"projector,whiteboard"
TP2-0912,TP2,60,lecture,Yes,12.824601,80.046707,"projector,whiteboard"
TP2-0913,TP2,60,lecture,Yes,12.825031,80.046882,"projector,whiteboard"
TP2-0914,TP2,60,lecture,Yes,12.824904,80.046497,"projector,whiteboard"
TP2-0915,TP2,60,lecture,Yes,12.825291,80.046964,"projector,whiteboard"
TP2-0916,TP2,60,lecture,Yes,12.825161,80.046723,"projector,whiteboard"
TP2-0917,TP2,60,lecture,Yes,12.825203,80.046547,"projector,whiteboard"
TP2-0918,TP2,60,lecture,Yes,12.824453,80.046404,"projector,whiteboard"
TP2-0919,TP2,60,lecture,Yes,12.824569,80.046185,"projector,whiteboard"
TP2-0920,TP2,60,lecture,Yes,12.824310,80.046896,"projector,whiteboard"
TP2-1001,TP2,60,lecture,Yes,12.825289,80.047099,"projector,whiteboard"
TP2-1002,TP2,60,lecture,Yes,12.825115,80.047166,"projector,whiteboard"
TP2-1003,TP2,60,lecture,Yes,12.824907,80.046087,"projector,whiteboard"
TP2-1004,TP2,60,lecture,Yes,12.825232,80.046898,"projector,whiteboard"
TP2-1005,TP2,60,lecture,Yes,12.824260,80.046369,"projector,whiteboard"
TP2-1006,TP2,60,lecture,Yes,12.824202,80.046878,"projector,whiteboard"
TP2-1007,TP2,60,lecture,Yes,12.824152,80.047128,"projector,whiteboard"
TP2-1008,TP2,60,lecture,Yes,12.824437,80.046689,"projector,whiteboard"
TP2-1009,TP2,60,lecture,Yes,12.824265,80.046850,"projector,whiteboard"
TP2-1010,TP2,60,lecture,Yes,12.824524,80.047070,"projector,whiteboard"
TP2-1011,TP2,60,lecture,Yes,12.824718,80.046465,"projector,whiteboard"
TP2-1012,TP2,60,lecture,Yes,12.824781,80.046566,"projector,whiteboard"
TP2-1013,TP2,60,lecture,Yes,12.825026,80.047052,"projector,whiteboard"
TP2-1014,TP2,60,lecture,Yes,12.824869,80.046577,"projector,whiteboard"
TP2-1015,TP2,60,lecture,Yes,12.825181,80.046029,"projector,whiteboard"
TP2-1016,TP2,60,lecture,Yes,12.824395,80.046246,"projector,whiteboard"
TP2-1017,TP2,60,lecture,Yes,12.824458,80.046652,"projector,whiteboard"
TP2-1018,TP2,60,lecture,Yes,12.824548,80.046010,"projector,whiteboard"
TP2-1019,TP2,60,lecture,Yes,12.824392,80.047153,"projector,whiteboard"
TP2-1020,TP2,60,lecture,Yes,12.825314,80.046934,"projector,whiteboard"
TP2-1101,TP2,60,lecture,Yes,12.824901,80.046408,"projector,whiteboard"
TP2-1102,TP2,60,lecture,Yes,12.824308,80.046265,"projector,whiteboard"
TP2-1103,TP2,60,lecture,Yes,12.825341,80.046685,"projector,whiteboard"
TP2-1104,TP2,60,lecture,Yes,12.825133,80.047099,"projector,whiteboard"
TP2-1105,TP2,60,lecture,Yes,12.825024,80.046741,"projector,whiteboard"
TP2-1106,TP2,60,lecture,Yes,12.824434,80.046060,"projector,whiteboard"
TP2-1107,TP2,60,lecture,Yes,12.824174,80.046033,"projector,whiteboard"
TP2-1108,TP2,60,lecture,Yes,12.824524,80.046481,"projector,whiteboard"
TP2-1109,TP2,60,lecture,Yes,12.824849,80.046509,"projector,whiteboard"
TP2-1110,TP2,60,lecture,Yes,12.824619,80.046609,"projector,whiteboard"
TP2-1111,TP2,60,lecture,Yes,12.824316,80.046378,"projector,whiteboard"
TP2-1112,TP2,60,lecture,Yes,12.824908,80.046197,"projector,whiteboard"
TP2-1113,TP2,60,lecture,Yes,12.825157,80.046781,"projector,whiteboard"
TP2-1114,TP2,60,lecture,Yes,12.824476,80.046819,"projector,whiteboard"
TP2-1115,TP2,60,lecture,Yes,12.825039,80.046971,"projector,whiteboard"
TP2-1116,TP2,60,lecture,Yes,12.825086,80.047098,"projector,whiteboard"
TP2-1117,TP2,60,lecture,Yes,12.824384,80.047049,"projector,whiteboard"
TP2-1118,TP2,60,lecture,Yes,12.825294,80.046692,"projector,whiteboard"
TP2-1119,TP2,60,lecture,Yes,12.824756,80.046309,"projector,whiteboard"
TP2-1120,TP2,60,lecture,Yes,12.824180,80.045976,"projector,whiteboard"
TP2-1201,TP2,60,lecture,Yes,12.824660,80.046549,"projector,whiteboard"
TP2-1202,TP2,60,lecture,Yes,12.824284,80.047151,"projector,whiteboard"
TP2-1203,TP2,60,lecture,Yes,12.825235,80.046662,"projector,whiteboard"
TP2-1204,TP2,60,lecture,Yes,12.824204,80.046578,"projector,whiteboard"
TP2-1205,TP2,60,lecture,Yes,12.824977,80.045983,"projector,whiteboard"
TP2-1206,TP2,60,lecture,Yes,12.824759,80.046250,"projector,whiteboard"
TP2-1207,TP2,60,lecture,Yes,12.825166,80.046147,"projector,whiteboard"
TP2-1208,TP2,60,lecture,Yes,12.824613,80.046492,"projector,whiteboard"
TP2-1209,TP2,60,lecture,Yes,12.824767,80.047057,"projector,whiteboard"
TP2-1210,TP2,60,lecture,Yes,12.824197,80.046157,"projector,whiteboard"
TP2-1211,TP2,60,lecture,Yes,12.824378,80.046562,"projector,whiteboard"
TP2-1212,TP2,60,lecture,Yes,12.825237,80.046849,"projector,whiteboard"
TP2-1213,TP2,60,lecture,Yes,12.824485,80.046505,"projector,whiteboard"
TP2-1214,TP2,60,lecture,Yes,12.824382,80.046423,"projector,whiteboard"
TP2-1215,TP2,60,lecture,Yes,12.824250,80.046053,"projector,whiteboard"
TP2-1216,TP2,60,lecture,Yes,12.824257,80.047157,"projector,whiteboard"
TP2-1217,TP2,60,lecture,Yes,12.825136,80.046196,"projector,whiteboard"
TP2-1218,TP2,60,lecture,Yes,12.824314,80.046024,"projector,whiteboard"
TP2-1219,TP2,60,lecture,Yes,12.824576,80.046270,"projector,whiteboard"
TP2-1220,TP2,60,lecture,Yes,12.824213,80.046575,"projector,whiteboard"
TP2-1301,TP2,60,lecture,Yes,12.824993,80.046277,"projector,whiteboard"
TP2-1302,TP2,60,lecture,Yes,12.825023,80.046446,"projector,whiteboard"
TP2-1303,TP2,60,lecture,Yes,12.825275,80.047112,"projector,whiteboard"
TP2-1304,TP2,60,lecture,Yes,12.825204,80.046626,"projector,whiteboard"
TP2-1305,TP2,60,lecture,Yes,12.824247,80.046001,"projector,whiteboard"
TP2-1306,TP2,60,lecture,Yes,12.824293,80.046397,"projector,whiteboard"
TP2-1307,TP2,60,lecture,Yes,12.825029,80.046526,"projector,whiteboard"
TP2-1308,TP2,60,lecture,Yes,12.824876,80.047047,"projector,whiteboard"
TP2-1309,TP2,60,lecture,Yes,12.824636,80.046104,"projector,whiteboard"
TP2-1310,TP2,60,lecture,Yes,12.824854,80.046411,"projector,whiteboard"
TP2-1311,TP2,60,lecture,Yes,12.824704,80.046068,"projector,whiteboard"
TP2-1312,TP2,60,lecture,Yes,12.824672,80.046530,"projector,whiteboard"
TP2-1313,TP2,60,lecture,Yes,12.824826,80.047117,"projector,whiteboard"
TP2-1314,TP2,60,lecture,Yes,12.825265,80.046810,"projector,whiteboard"
TP2-1315,TP2,60,lecture,Yes,12.825325,80.046178,"projector,whiteboard"
TP2-1316,TP2,60,lecture,Yes,12.825304,80.046352,"projector,whiteboard"
TP2-1317,TP2,60,lecture,Yes,12.824943,80.047130,"projector,whiteboard"
TP2-1318,TP2,60,lecture,Yes,12.824891,80.046621,"projector,whiteboard"
TP2-1319,TP2,60,lecture,Yes,12.824213,80.046646,"projector,whiteboard"
TP2-1320,TP2,60,lecture,Yes,12.824550,80.046945,"projector,whiteboard"
TP2-1401,TP2,60,lecture,Yes,12.825012,80.047029,"projector,whiteboard"
TP2-1402,TP2,60,lecture,Yes,12.825226,80.046032,"projector,whiteboard"
TP2-1403,TP2,60,lecture,Yes,12.824312,80.047165,"projector,whiteboard"
TP2-1404,TP2,60,lecture,Yes,12.824841,80.046991,"projector,whiteboard"
TP2-1405,TP2,60,lecture,Yes,12.825341,80.046398,"projector,whiteboard"
TP2-1406,TP2,60,lecture,Yes,12.824864,80.046071,"projector,whiteboard"
TP2-1407,TP2,60,lecture,Yes,12.824495,80.046877,"projector,whiteboard"
TP2-1408,TP2,60,lecture,Yes,12.824178,80.047109,"projector,whiteboard"
TP2-1409,TP2,60,lecture,Yes,12.825078,80.047098,"projector,whiteboard"
TP2-1410,TP2,60,lecture,Yes,12.825095,80.046639,"projector,whiteboard"
TP2-1411,TP2,60,lecture,Yes,12.824486,80.046212,"projector,whiteboard"
TP2-1412,TP2,60,lecture,Yes,12.824233,80.046036,"projector,whiteboard"
TP2-1413,TP2,60,lecture,Yes,12.824567,80.047113,"projector,whiteboard"
TP2-1414,TP2,60,lecture,Yes,12.824940,80.046928,"projector,whiteboard"
TP2-1415,TP2,60,lecture,Yes,12.825230,80.046051,"projector,whiteboard"
TP2-1416,TP2,60,lecture,Yes,12.824471,80.046791,"projector,whiteboard"
TP2-1417,TP2,60,lecture,Yes,12.825061,80.046039,"projector,whiteboard"
TP2-1418,TP2,60,lecture,Yes,12.825009,80.046542,"projector,whiteboard"
TP2-1419,TP2,60,lecture,Yes,12.824859,80.046122,"projector,whiteboard"
TP2-1420,TP2,60,lecture,Yes,12.824697,80.046508,"projector,whiteboard"
TP2-1501,TP2,60,lecture,Yes,12.824148,80.046277,"projector,whiteboard"
TP2-1502,TP2,60,lecture,Yes,12.824476,80.046949,"projector,whiteboard"
TP2-1503,TP2,60,lecture,Yes,12.824451,80.047065,"projector,whiteboard"
TP2-1504,TP2,60,lecture,Yes,12.824797,80.046952,"projector,whiteboard"
TP2-1505,TP2,60,lecture,Yes,12.825120,80.046069,"projector,whiteboard"
TP2-1506,TP2,60,lecture,Yes,12.824898,80.046247,"projector,whiteboard"
TP2-1507,TP2,60,lecture,Yes,12.825339,80.046749,"projector,whiteboard"
TP2-1508,TP2,60,lecture,Yes,12.824635,80.046114,"projector,whiteboard"
TP2-1509,TP2,60,lecture,Yes,12.824588,80.047067,"projector,whiteboard"
TP2-1510,TP2,60,lecture,Yes,12.824729,80.046058,"projector,whiteboard"
TP2-1511,TP2,60,lecture,Yes,12.825058,80.046062,"projector,whiteboard"
TP2-1512,TP2,60,lecture,Yes,12.824455,80.046274,"projector,whiteboard"
TP2-1513,TP2,60,lecture,Yes,12.825076,80.046556,"projector,whiteboard"
TP2-1514,TP2,60,lecture,Yes,12.824387,80.046379,"projector,whiteboard"
TP2-1515,TP2,60,lecture,Yes,12.825276,80.046635,"projector,whiteboard"
TP2-1516,TP2,60,lecture,Yes,12.825035,80.046837,"projector,whiteboard"
TP2-1517,TP2,60,lecture,Yes,12.824731,80.046640,"projector,whiteboard"
TP2-1518,TP2,60,lecture,Yes,12.824985,80.047094,"projector,whiteboard"
TP2-1519,TP2,60,lecture,Yes,12.824397,80.046807,"projector,whiteboard"
TP2-1520,TP2,60,lecture,Yes,12.825151,80.046201,"projector,whiteboard"
TP2-0301,TP2,60,lab,Yes,12.824394,80.046159,"projector,whiteboard"
TP2-0302,TP2,60,lab,Yes,12.824494,80.046958,"projector,whiteboard"
TP2-0303,TP2,60,lab,Yes,12.824589,80.046043,"projector,whiteboard"
TP2-0304,TP2,60,lab,Yes,12.824315,80.046390,"projector,whiteboard"
TP2-0305,TP2,60,lab,Yes,12.824666,80.046126,"projector,whiteboard"
TP2-0306,TP2,60,lab,Yes,12.824438,80.047146,"projector,whiteboard"
TP2-0307,TP2,60,lab,Yes,12.824607,80.047156,"projector,whiteboard"
TP2-0308,TP2,60,lab,Yes,12.824935,80.045992,"projector,whiteboard"
TP2-0309,TP2,60,lab,Yes,12.824315,80.047134,"projector,whiteboard"
TP2-0310,TP2,60,lab,Yes,12.824354,80.047160,"projector,whiteboard"
TP2-0311,TP2,60,lab,Yes,12.824615,80.046542,"projector,whiteboard"
TP2-0312,TP2,60,lab,Yes,12.824354,80.046637,"projector,whiteboard"
TP2-0313,TP2,60,lab,Yes,12.824636,80.046270,"projector,whiteboard"
TP2-0314,TP2,60,lab,Yes,12.825120,80.046116,"projector,whiteboard"
TP2-0315,TP2,60,lab,Yes,12.824174,80.046760,"projector,whiteboard"
TP2-0401,TP2,60,lab,Yes,12.825088,80.046421,"projector,whiteboard"
TP2-0402,TP2,60,lab,Yes,12.824873,80.046873,"projector,whiteboard"
TP2-0403,TP2,60,lab,Yes,12.824885,80.047161,"projector,whiteboard"
TP2-0404,TP2,60,lab,Yes,12.824851,80.046658,"projector,whiteboard"
TP2-0405,TP2,60,lab,Yes,12.824433,80.046591,"projector,whiteboard"
TP2-0406,TP2,60,lab,Yes,12.824390,80.046726,"projector,whiteboard"
TP2-0407,TP2,60,lab,Yes,12.824386,80.046191,"projector,whiteboard"
TP2-0408,TP2,60,lab,Yes,12.824664,80.046787,"projector,whiteboard"
TP2-0409,TP2,60,lab,Yes,12.824592,80.046554,"projector,whiteboard"
TP2-0410,TP2,60,lab,Yes,12.824798,80.046264,"projector,whiteboard"
TP2-0411,TP2,60,lab,Yes,12.824608,80.046909,"projector,whiteboard"
TP2-0412,TP2,60,lab,Yes,12.825111,80.046072,"projector,whiteboard"
TP2-0413,TP2,60,lab,Yes,12.824711,80.046580,"projector,whiteboard"
TP2-0414,TP2,60,lab,Yes,12.825144,80.046197,"projector,whiteboard"
TP2-0415,TP2,60,lab,Yes,12.825064,80.046705,"projector,whiteboard"
TP2-0501,TP2,60,lab,Yes,12.825059,80.046430,"projector,whiteboard"
TP2-0502,TP2,60,lab,Yes,12.824691,80.047166,"projector,whiteboard"
TP2-0503,TP2,60,lab,Yes,12.824674,80.046618,"projector,whiteboard"
TP2-0504,TP2,60,lab,Yes,12.824924,80.046583,"projector,whiteboard"
TP2-0505,TP2,60,lab,Yes,12.824775,80.046623,"projector,whiteboard"
TP2-0506,TP2,60,lab,Yes,12.824282,80.046895,"projector,whiteboard"
TP2-0507,TP2,60,lab,Yes,12.824155,80.046099,"projector,whiteboard"
TP2-0508,TP2,60,lab,Yes,12.825178,80.046562,"projector,whiteboard"
TP2-0509,TP2,60,lab,Yes,12.824648,80.046201,"projector,whiteboard"
TP2-0510,TP2,60,lab,Yes,12.825044,80.046220,"projector,whiteboard"
TP2-0511,TP2,60,lab,Yes,12.824428,80.046187,"projector,whiteboard"
TP2-0512,TP2,60,lab,Yes,12.824522,80.046709,"projector,whiteboard"
TP2-0513,TP2,60,lab,Yes,12.824964,80.047117,"projector,whiteboard"
TP2-0514,TP2,60,lab,Yes,12.824994,80.046822,"projector,whiteboard"
TP2-0515,TP2,60,lab,Yes,12.825132,80.046835,"projector,whiteboard"
TP2-0701,TP2,120,auditorium,Yes,12.825221,80.046820,projector
TP2-0702,TP2,120,auditorium,Yes,12.824609,80.046175,projector
TP2-0703,TP2,120,auditorium,Yes,12.825032,80.047024,projector
TP2-0704,TP2,110,auditorium,Yes,12.824193,80.046755,projector
TP2-0705,TP2,110,auditorium,Yes,12.824963,80.046262,projector
TP2-0706,TP2,110,auditorium,Yes,12.824593,80.046721,projector
TP2-0707,TP2,110,auditorium,Yes,12.824963,80.046279,projector
TP2-0708,TP2,110,auditorium,Yes,12.824916,80.046755,projector
TP2-0709,TP2,110,auditorium,Yes,12.824573,80.046387,projector
TP2-0710,TP2,110,auditorium,Yes,12.824515,80.046701,projector
TP2-0711,TP2,100,auditorium,Yes,12.824314,80.046533,projector
TP2-0712,TP2,100,auditorium,Yes,12.824189,80.047168,projector
